{
    "evol_codealpaca_v1": {
        "question_mtld": 59.06801438647717,
        "code_mtld": 35.26156405023193,
        "question_spread": 0.7789011597633362,
        "code_spread": 0.8093565702438354
    },
    "evol_instruct_code_v1": {
        "question_mtld": 42.450001621497854,
        "code_mtld": 24.204403985269664,
        "question_spread": 0.7883182168006897,
        "code_spread": 0.801061749458313
    },
    "magicoder_instruct": {
        "question_mtld": 36.31170034281009,
        "code_mtld": 22.907301603978148,
        "question_spread": 0.8156304955482483,
        "code_spread": 0.8202199935913086
    },
    "magicoder_evol_instruct": {
        "question_mtld": 59.073604193942906,
        "code_mtld": 35.26902291192707,
        "question_spread": 0.778901994228363,
        "code_spread": 0.8092754483222961
    },
    "code_alpaca": {
        "question_mtld": 30.92201141117365,
        "code_mtld": 14.948013597450808,
        "question_spread": 0.8183609247207642,
        "code_spread": 0.7745630145072937
    },
    "CodeMix-dataset": {
        "question_mtld": 40.35980535761259,
        "code_mtld": 12.020248788664244,
        "question_spread": 0.7952884435653687,
        "code_spread": 0.8102909326553345
    }
}