{
    "evol_codealpaca_v1": {
        "question_mtld": 60.135132380757035,
        "code_mtld": 43.03108253698388
    },
    "evol_instruct_code_v1": {
        "question_mtld": 41.28180945403313,
        "code_mtld": 22.895224186569184
    },
    "magicoder_instruct": {
        "question_mtld": 36.31170034281009,
        "code_mtld": 22.907301603978148
    },
    "magicoder_evol_instruct": {
        "question_mtld": 60.14508636787472,
        "code_mtld": 43.044602836118024
    },
    "code_alpaca": {
        "question_mtld": 29.412054749714912,
        "code_mtld": 14.624050036777174
    },
    "CodeMix-dataset": {
        "question_mtld": 40.35980535761259,
        "code_mtld": 12.020248788664244
    }
}